<?xml version="1.0" encoding="utf-8" standalone="no"?>
<application xmlns="http://ns.adobe.com/air/application/2.6">
	<id>com.proandroidflash.ViewAppAnatomy</id>
	<filename>ViewAppAnatomy</filename>
	<name>ViewAppAnatomy</name>
	<versionNumber>0.0.0</versionNumber>

	<initialWindow>
		<content>[This value will be overwritten by Flash Builder in the
			output app.xml]</content>
		<autoOrients>true</autoOrients>
		<fullScreen>false</fullScreen>
		<visible>true</visible>
		<softKeyboardBehavior>none</softKeyboardBehavior>
	</initialWindow>

	<icon>
		<image16x16>assets/ProAndroidFlashIcon16.png</image16x16>
		<image32x32>assets/ProAndroidFlashIcon32.png</image32x32>
		<image36x36>assets/ProAndroidFlashIcon36.png</image36x36>
		<image48x48>assets/ProAndroidFlashIcon48.png</image48x48>
		<image72x72>assets/ProAndroidFlashIcon72.png</image72x72>
		<image114x114>assets/ProAndroidFlashIcon114.png</image114x114>
		<image128x128>assets/ProAndroidFlashIcon128.png</image128x128>
	</icon>

	<android>
		<manifestAdditions><![CDATA[
			<manifest android:installLocation="auto">
			    <!--See the Adobe AIR documentation for more information about setting Google Android permissions-->
			    <!--Removing the permission android.permission.INTERNET will have the side effect
					of preventing you from debugging your application on your device-->
			    <uses-permission android:name="android.permission.INTERNET"/>
			    <!--<uses-permission android:name="android.permission.WRITE_EXTERNAL_STORAGE"/>-->
			    <!--<uses-permission android:name="android.permission.READ_PHONE_STATE"/>-->
			    <!--<uses-permission android:name="android.permission.ACCESS_FINE_LOCATION"/>-->
			    <!--The DISABLE_KEYGUARD and WAKE_LOCK permissions should be toggled together
					in order to access AIR's SystemIdleMode APIs-->
			    <!--<uses-permission android:name="android.permission.DISABLE_KEYGUARD"/>-->
			    <!--<uses-permission android:name="android.permission.WAKE_LOCK"/>-->
			    <!--<uses-permission android:name="android.permission.CAMERA"/>-->
			    <!--<uses-permission android:name="android.permission.RECORD_AUDIO"/>-->
			    <!--The ACCESS_NETWORK_STATE and ACCESS_WIFI_STATE permissions should be toggled
					together in order to use AIR's NetworkInfo APIs-->
			    <!--<uses-permission android:name="android.permission.ACCESS_NETWORK_STATE"/>-->
			    <!--<uses-permission android:name="android.permission.ACCESS_WIFI_STATE"/>-->
			</manifest>
			
		]]></manifestAdditions>
	</android>
</application>
