<?xml version="1.0" encoding="utf-8" standalone="no"?>
<application xmlns="http://ns.adobe.com/air/application/2.6">
	<id>com.proandroidflash.SoundEffectBasic</id>
	<filename>SoundEffectBasic</filename>
	<name>SoundEffectBasic</name>
	<versionNumber>0.0.0</versionNumber>

	<initialWindow>
		<content>[This value will be overwritten by Flash Builder in the
			output app.xml]</content>
		<autoOrients>true</autoOrients>
		<fullScreen>false</fullScreen>
		<visible>false</visible>
	</initialWindow>

	<icon>
		<image16x16>assets/ProAndroidFlashIcon16.png</image16x16>
		<image32x32>assets/ProAndroidFlashIcon32.png</image32x32>
		<image36x36>assets/ProAndroidFlashIcon36.png</image36x36>
		<image48x48>assets/ProAndroidFlashIcon48.png</image48x48>
		<image72x72>assets/ProAndroidFlashIcon72.png</image72x72>
		<image114x114>assets/ProAndroidFlashIcon114.png</image114x114>
		<image128x128>assets/ProAndroidFlashIcon128.png</image128x128>
	</icon>
    
	<android>
		<manifestAdditions><![CDATA[
	<manifest>
		<!-- See the Adobe AIR documentation for more information about setting Google Android permissions -->
		<uses-permission android:name="android.permission.INTERNET"/>
	</manifest>
]]></manifestAdditions>
	</android>
</application>
