<?xml version="1.0" encoding="utf-8" standalone="no"?>
<application xmlns="http://ns.adobe.com/air/application/2.6">
	<id>com.proandroidflash.CameraFilter</id>
	<filename>CameraFilter</filename>
	<name>CameraFilter</name>
	<versionNumber>0.0.1</versionNumber>

	<initialWindow>
		<content>[This value will be overwritten by Flash Builder...]</content>
		<autoOrients>false</autoOrients>
		<aspectRatio>landscape</aspectRatio>
		<fullScreen>true</fullScreen>
		<visible>false</visible>
	</initialWindow>
	
	<icon>
		<image16x16>assets/ProAndroidFlashIcon16.png</image16x16>
		<image32x32>assets/ProAndroidFlashIcon32.png</image32x32>
		<image36x36>assets/ProAndroidFlashIcon36.png</image36x36>
		<image48x48>assets/ProAndroidFlashIcon48.png</image48x48>
		<image72x72>assets/ProAndroidFlashIcon72.png</image72x72>
		<image114x114>assets/ProAndroidFlashIcon114.png</image114x114>
		<image128x128>assets/ProAndroidFlashIcon128.png</image128x128>
	</icon>

	<!-- Internet permission is enabled only for on-device debugging -->
	<android>
		<manifestAdditions><![CDATA[
      <manifest>
        <uses-permission android:name="android.permission.INTERNET"/>
        <uses-permission android:name="android.permission.CAMERA"/>
      </manifest>
    ]]></manifestAdditions>
	</android>
</application>
