<?xml version="1.0"?>
<chartdata>
  <data>
    <month>January</month>
    <revenue>1500</revenue>
  </data>
  <data>
    <month>February</month>
    <revenue>1400</revenue>
  </data>
  <data>
    <month>March</month>
    <revenue>1800</revenue>
  </data>
  <data>
    <month>April</month>
    <revenue>2000</revenue>
  </data>
  <data>
    <month>May</month>
    <revenue>1000</revenue>
  </data>
  <data>
    <month>June</month>
    <revenue>1200</revenue>
  </data>
  <data>
    <month>July</month>
    <revenue>1500</revenue>
  </data>
  <data>
    <month>August</month>
    <revenue>1600</revenue>
  </data>
  <data>
    <month>September</month>
    <revenue>1700</revenue>
  </data>
  <data>
    <month>October</month>
    <revenue>1800</revenue>
  </data>
  <data>
    <month>November</month>
    <revenue>1900</revenue>
  </data>
  <data>
    <month>December</month>
    <revenue>1800</revenue>
  </data>
</chartdata>

