<?xml version="1.0" encoding="utf-8" standalone="no"?>
<application xmlns="http://ns.adobe.com/air/application/2.6">
	<id>com.proandroidflash.MobileControlDemo</id>
	<filename>SoftKeyboardOverride</filename>
	<name>Soft Keyboard Override</name>
	<versionNumber>1.0.0</versionNumber>
	
	<initialWindow>
		<content>[This value will be overwritten by Flash Builder in the output app.xml]</content>		
		<autoOrients>false</autoOrients>
        <fullScreen>false</fullScreen>
	</initialWindow>

	<icon>
		<image16x16>ProAndroidFlashIcon16.png</image16x16>
		<image32x32>ProAndroidFlashIcon32.png</image32x32>
		<image36x36>ProAndroidFlashIcon36.png</image36x36>
		<image48x48>ProAndroidFlashIcon48.png</image48x48>
		<image72x72>ProAndroidFlashIcon72.png</image72x72>
		<image114x114>ProAndroidFlashIcon114.png</image114x114>
		<image128x128>ProAndroidFlashIcon128.png</image128x128>
	</icon>
	
	<android>
        <manifestAdditions><![CDATA[
			<manifest android:installLocation="auto">
			    <!-- only used for debugging -->
			    <uses-permission android:name="android.permission.INTERNET"/>
			</manifest>
		]]></manifestAdditions>
    </android>
</application>
